ALGEBRA Sección A;11;11;;;;;;;;;;;;;11;;;;;;;;;;;;;;;;;;; ;;;;;;;;;;;11;;;;;;;;;;;;;;;;;;;;;
ALGEBRA  Sección B;12;12;;;;;;;;;;;;;;11;;;;;;;;;;;;;;;;;;;;;;;;;;;;;12;;;;;;;;;;;;;;;;;;;;;
ALGEBRA Sección C;13;13;;;;;;;;;;;;;;;;;;;;;;;;;;;;;;;;;;C2;;;;;;;;;13;;;;;;;;;;;;;;;;;;;;;
ALGEBRA  Sección D;14;14;;;;;;;;;;;;;;;;;;;;;;;;;;;;;;;;;;;;;;;;;;;14;;14;;;;;;;;;;;;;;;;;;;
ALGEBRA Sección E;21;21;;;;;;;;;;;;;;;;;;;;;;;;;;;;;;;;;;;;;;;;;;;21;;;14;;;;;;;;;;;;;;;;;;
ALGEBRA Sección F;22;22;;;;;;;;;;;;;;;;;;;;;;;21;;;;;;;;;;;;;;;;;;;;22;;;;;;;;;;;;;;;;;;;;;
ALGEBRA  Sección G;23;23;;;;;;;;;;;;;;;;;;;;;;;;;;;;;;;;E2;;;;;;;;;;;23;;;;;;;;;;;;;;;;;;;;;
ALGEBRA LINEAL Sección A;;;;;;;;;;;;;S5;;;;;;;;;;;;11;;;;;;;;;;;;;;;;;;;;;;11;11;;;;;;;;;;;;;;;;;;
ALGEBRA LINEAL SecciónB;;;;;;;;;;;;;;;;;;;;;;;;;12;;E2;;;;;;;;;;;;;;;;;;;;12;12;;;;;;;;;;;;;;;;;;
ALGEBRA LINEAL Sección C;;;;;;;;;;;;;;;;;;;;;;;;;13;;;;;;;;;11;;;;;;;;;;;;;13;13;;;;;;;;;;;;;;;;;;
CALCULO I  Sección A;;;C3;;;;;;;;;;;;;;;;;;;;11;11;;;;;;;;;;;;;;;;;;;;;;11;;;;;;;;;;;;;;;;;;;;
CALCULO I  Sección B;;;;C3;;;;;;;;;;;;;;;;;;;12;12;;;;;;;;;;;;;;;;;;;;;;12;;;;;;;;;;;;;;;;;;;;
CALCULO I  Sección C;;;;;;;;;;;;;;;13;;;;;;;;13;13;;;;;;;;;;;;;;;;;;;;;;13;;;;;;;;;;;;;;;;;;;;
CALCULO I  Sección D;;;;;;;;;;;;;;;;;;;;;;;14;14;;;;;;;;;;;;;;;;;;;;;;14;;E2;;;;;;;;;;;;;;;;;;
CALCULO I  Sección E;;;;;;;;;;;;;;;;13;;;;;;;21;21;;;;;;;;;;;;;;;;;;;;;;21;;;;;;;;;;;;;;;;;;;;
CALCULO II Sección A;;;11;11;S2;;;;;;;;;;;;;;;;;;;;;11;;;;;;;;;;;;;;;;;;;;;;;;;;;;;;;;;;;;;;;;
CALCULO II Sección B;;;12;12;;;;;;;;;;21;;;;;;;;;;;;12;;;;;;;;;;;;;;;;;;;;;;;;;;;;;;;;;;;;;;;;
CALCULO II Sección C;;;13;13;;;;;;;;;;;;;;;;;;;;;;13;22;;;;;;;;;;;;;;;;;;;;;;;;;;;;;;;;;;;;;;;
CALCULO II Sección D;;;14;14;;;;;;;;;;;;;;;;;;;;;;14;;;;;;;;;;;;;;;;;;;;22;;;;;;;;;;;;;;;;;;;;
CALCULO III Sección A;103;;21;21;;;;;;;;;;;;;;;;;;;;;;21;;;;;;;;;;;;;;;;;;;;;;;;;;;;;;;;;;;;;;;;
CALCULO III Sección B;;;22;22;C4;;;;;;;;;;;;;;;;;;;;;22;;;;;;;;;;;;;;;;;;;;;;;;;;;;;;;;;;;;;;;;
CALCULO III Sección C;;;23;23;;;;;;;;;;;;;;;;;;;;;;23;;;;;;;;;;;;;;;;;;;;;;;103;;;;;;;;;;;;;;;;;
ECUACIONES DIFERENCIALES Sección A;;;;;;;;;;;;E1;;;;;;;;;;;;;;;;;;;;;;;11;11;;;;;;;;;;;;;;;;;;;;;;;;;;;;;;
ECUACIONES DIFERENCIALES Sección B;;;;;;;;;;;;;;;;;;;;;;;E2;;;;;;;;;;;;;;;;12;12;;;;;;;;;;;;;;;;;;;;;;;;;;
GEOMETRIA PLANA Y DEL ESPACIO  Sección A;;;;;;;E2;;;;;;;;;;;;;;;;;;;;;;11;11;;;;;;;;;;;;;;;;;;;;;;;;;;;;;;;;;;;;
INTRODUCCION A LA MATEMATICAS Sección A;;;C4;C4;11;;;;;;;;;;;;;;;;;;;;;;11;;;;;;;;;;;;;;;;;;;;;;11;;;;;;;;;;;;;;;;;
INTRODUCCION A LA MATEMATICAS Sección B;;;;;12;;;;;;;13;;;;;;;;;;;22;;;;12;;;;;;;;;;;;;;;;;;;;;;12;;;;;;;;;;;;;;;;;
INTRODUCCION A LA MATEMATICAS Sección C;;;;;13;;;;;;;;;;;;;;;;;;;;;;13;;;;;;;;;;;;;;;;;;E2;;;21;13;;;;;;;;;;;;;;;;;
INTRODUCCION A LA MATEMATICAS Sección D;;S5;;;14;;;;;;;;;;;;;;;;;;;;;;14;;;;;;;;23;;;;;;;;;;;;;;14;;;;;;;;;;;;;;;;;
INTRODUCCION A LA MATEMATICAS Sección E;;;;;21;;;;;;;;;;;;;;;;;;;;;;21;;;;;;;;;;;;;;;;;;;E2;E2;;21;;;;;;;;;;;;;;;;;
PROBABILIDADES Y ESTADISTICA Sección A;;;;;;;;;;;;;12;12;;;;;;;;;;;;;;;;;;;;;12;12;;;;;;;;;;;;;;;;;;;;;;;;;;;;;;
PROBABILIDADES Y ESTADISTICA Sección C;;;;;;;;;;;;;;;;;13;13;;;;;;;;;;;;;;;;;;;;;13;13;;;;;;;;;;;;;;;;;;;;;;;;;;
PROBABILIDADES Y ESTADISTICA Sección D;;;;;;;;;;;;;;;;;;;14;14;;;;;;;;;;;;;;;;;;;;;13;13;;;;;;;;;;;;;;;;;;;;;;;;
Física General I  A;;;;;;;;;;;;14;14;;;;;;;;;;;;;;;;;;;;;;14;14;;;;;;;;;;;;;;;;;;;;;;;;;E1;E1;E1;;;
Física General I  B;;;;;;;;;;;;21;21;;;;;;;;;;;;;;;;;;;;;;21;21;;;;;;;;;;;;;;;;;;;;;;;;;E2;E2;E2;;;
Física General I  C;;;;;;;;;;;;;;;;;11;11;;;;;;;;;;;;;;;;;;;;;11;11;;;;;;;;;;;;;;;;;;;;;102;102;102;;;
Física General I  D;;;;;;;;;;;;;;;;;21;21;;;;;;;;;;;;;;;;;;;;;21;21;;;;;;;;;;;;;;;;;;;;;103;103;103;;;
Física General I  E;;;;;;;;12;12;;;;;;;26;;;;;;;;;;;;;;12;12;;;;;23;;;;;;;;;;;;;;;;;;;;;;;;;;;;;;
Física General I  F;;;;;;;;13;13;;;;;;;;;;;;;;;;;;;;;13;13;;;;;;;;;;;;;;;;;;;;;;;;;;;;;;;;;;;
Electricidad y Magnetismo A;;;;S2;27;27;;;;;;22;22;;;27;27;;;;;;;E2;;;C2;;;;;;;;;;;;;;;;;;;;;;;;;;;;;;;;;;;;;;;
Electricidad y Magnetismo B;;;;;;;;;;;;;27;27;;;102;102;11;12;;;;;;;27;27;;;;;;;;;;;14;27;27;;;;;;;;;;;;;;;;;;;;;;;;;
Electricidad y Magnetismo C;;;;;;;;;;;;;;;;;;;;22;22;;;;;;;;;;;;;;;22;;;;;;;;;;;;;;;;;;;;;;;;;;;;;;
Electricidad y Magnetismo D;;;;;;;;;;;;;;;;;;;;;;;;;;;;;;;;;;;;;;;;;;;;;;;;;;;;;;;;;;;;;;;;;;
Comunicación Oral y Escrita I A;;;;;;S3;S3;;;;;;;;;;;;;;;;;;;;;;;;;;;;;;;;;;;;;;;;;;;;;;;;;;;;;;;;;;;
Comunicación Oral y Escrita I B;;;;;;S4;S4;;;;;;;;;;;;;;;;;;;;;;;;;;;;;;;;;;;;;;;;;;;;;;;;;;;;;;;;;;;
Comunicación Oral y Escrita I C;;;;;;S5;S5;;;;;;;;;;;;;;;;;;;;;;;;;;;;;;;;;;;;;;;;;;;;;;;;;;;;;;;;;;;
Comunicación Oral y Escrita I D;;;;;;12;12;;;;;;;;;;;;;;;;;;;;;;;;;;;;;;;;;;;;;;;;;;;;;;;;;;;;;;;;;;;
Comunicación Oral y Escrita I E;;;;;;;;S3;S3;;;;;;;;;;;;;;;;;;;;;;;;;;;;;;;;;;;;;;;;;;;;;;;;;;;;;;;;;
Comunicación Oral y Escrita I F;;;;;;;;S4;S4;;;;;;;;;;;;;;;;;;;;;;;;;;;;;;;;;;;;;;;;;;;;;;;;;;;;;;;;;
Comunicación Oral y Escrita I G;;;;;;;;S5;S5;;;;;;;;;;;;;;;;;;;;;;;;;;;;;;;;;;;;;;;;;;;;;;;;;;;;;;;;;
Comunicación Oral y Escrita I H;;;;;;;;11;11;;;;;;;;;;;;;;;;;;;;;;;;;;;;;;;;;;;;;;;;;;;;;;;;;;;;;;;;;
Comunicación Oral y Escrita I I;;;;;;;;;;;;;;S5;S5;;;;;;;;;;;;;;;;;;;;;;;;;;;;;;;;;;;;;;;;;;;;;;;;;;;
AutoGestión del Aprendizaje A;;;;;;;14;14;14;;;;;;;;;;;;;;;;;;;;;;;;;;;;;;;;;;;;;;;;;;;;;;;;;;;;;;;;;
AutoGestión del Aprendizaje B;;;;;;;21;21;21;;;;;;;;;;;;;;;;;;;;;;;;;;;;;;;;;;;;;;;;;;;;;;;;;;;;;;;;;
AutoGestión del Aprendizaje C;;;;;;;;;;;;S4;S4;S4;;;;;;;;;;;;;;;;;;;;;;;;;;;;;;;;;;;;;;;;;;;;;;;;;;;;
AutoGestión del Aprendizaje D;;;;;;;;;;;;S3;S3;S3;;;;;;;;;;;;;;;;;;;;;;;;;;;;;;;;;;;;;;;;;;;;;;;;;;;;
AutoGestión del Aprendizaje E;;;;;;;;;;;;11;11;11;;;;;;;;;;;;;;;;;;;;;;;;;;;;;;;;;;;;;;;;;;;;;;;;;;;;
AutoGestión del Aprendizaje F;;;;;;;;;;;;;;;;;S4;S4;S4;;;;;;;;;;;;;;;;;;;;;;;;;;;;;;;;;;;;;;;;;;;;;;;
AutoGestión del Aprendizaje G;;;;;;;;;;;;;;;;;S3;S3;S3;;;;;;;;;;;;;;;;;;;;;;;;;;;;;;;;;;;;;;;;;;;;;;;
AutoGestión del Aprendizaje H;;;;;;;;;;;;;;;;;12;12;12;;;;;;;;;;;;;;;;;;;;;;;;;;;;;;;;;;;;;;;;;;;;;;;
De Frida a Cerati. Cultura y Sociedad Latinoamericana Sección A;;;;;102;102;;;;;;;;;;;;;;;;;;;;;;;;;;;;;;;;;;;;;;;;;;;;;;;;;;;;;;;;;;;;
De Frida a Cerati. Cultura y Sociedad Latinoamericana Sección B;;;;;;;C3;C3;;;;;;;;;;;;;;;;;;;;;;;;;;;;;;;;;;;;;;;;;;;;;;;;;;;;;;;;;;
Progreso Científico y Progreso Moral: ¿El avance de las ciencias permitirá mejorar la sociedad? Sección A;;;;;23;23;;;;;;;;;;;;;;;;;;;;;;;;;;;;;;;;;;;;;;;;;;;;;;;;;;;;;;;;;;;;
Progreso Científico y Progreso Moral: ¿El avance de las ciencias permitirá mejorar la sociedad? Sección B;;;;;;;23;23;;;;;;;;;;;;;;;;;;;;;;;;;;;;;;;;;;;;;;;;;;;;;;;;;;;;;;;;;;
El juego Estético-político de las representaciones de la libertad Sección B;;;;;103;103;;;;;;;;;;;;;;;;;;;;;;;;;;;;;;;;;;;;;;;;;;;;;;;;;;;;;;;;;;;;
El juego Estético-político de las representaciones de la libertad Sección A;;;;;;;C4;C4;;;;;;;;;;;;;;;;;;;;;;;;;;;;;;;;;;;;;;;;;;;;;;;;;;;;;;;;;;
El arte y las dos grandes guerras del siglo XX: Conceptos y Contextos Sección B;;;;;AF;AF;;;;;;;;;;;;;;;;;;;;;;;;;;;;;;;;;;;;;;;;;;;;;;;;;;;;;;;;;;;;
El arte y las dos grandes guerras del siglo XX: Conceptos y Contextos Sección A;;;;;;;AF;AF;;;;;;;;;;;;;;;;;;;;;;;;;;;;;;;;;;;;;;;;;;;;;;;;;;;;;;;;;;
Ética y Responsabilidad Social  A (Mecatrónica + Mecánica + Eléctrica);E1;E1;L;;;;;;;;;;;;;;;;;;;;;;;;;;;;;;;;;;;;;;;;;;;;;;;;;;;;;;;;;;;;;;;
Ética y Responsabilidad Social  B (Mecatrónica + Mecánica + Eléctrica);;;;;;;;;;;;;;;;;E1;E1;L;;;;;;;;;;;;;;;;;;;;;;;;;;;;;;;;;;;;;;;;;;;;;;;
Ética y Responsabilidad Social  C (Mecatrónica + Mecánica + Eléctrica);;;;;;;;;;;;;;;;;;;;;;;;;;;;E2;E2;L;;;;;;;;;;;;;;;;;;;;;;;;;;;;;;;;;;;;
Ética y Responsabilidad Social  A (Industrial + Computación);;;;;;;;;;;;S2;S2;L;;;;;;;;;;;;;;;;;;;;;;;;;;;;;;;;;;;;;;;;;;;;;;;;;;;;
Ética y Responsabilidad Social  B (Industrial) + Computación);;;;;;;;;;;;;;;;;;;;;;;S2;S2;L;;;;;;;;;;;;;;;;;;;;;;;;;;;;;;;;;;;;;;;;;
Ética y Responsabilidad Social  C (Industrial + Computación);;;;;;;;;;;;;;;;;;;;;;;;;;;;;;;;;;S2;S2;L;;;;;;;;;;;;;;;;;;;;;;;;;;;;;;
Ética y Responsabilidad Social  A (Obras Civiles);;;;;;;;;;;;;;;;;;;;;;;;;;;;;;;;;;;26;26;;;;;;;;;;;;;;;;;;;;;;;;;;;;;;
Ética y Responsabilidad Social  (Minas) A;;;;;;;;;;;;;;;;;;;;;;;;;;;;;;;;;;;;;;;;14;14;L;;;;;;;;;;;;;;;;;;;;;;;;
Fundamentos de Administración D;;;;;;;;;;;;;;;;;;;;;;;;;;;;;;;;;;;;;;;E1;E1;E1;;;;;;;;;;;;;;;;;;;;;;;;;
Fundamentos de Administración A;;;S5;;;;;;;;;;;;;;;;;;;;;;;;;;;;;;;;;;;;;;;;;;;;;;;;11;11;11;;;;;;;;;;;;;
Fundamentos de Administración B;;;;;T2;;;;;;;;;;;;;;;;;;;;;;;;;;;;;E1;E1;E1;;;;;;;;;;;;;;;;;;;;;;;;;;;;;;
Fundamentos de Administración C;;;;C1;;;;;;;;;;;;;;;;;;;;;;;;;;;;;;;;;;;S2;S2;S2;;;;;;;;;;;;;;;;;;;;;;;;;
Gestión de RRHH A;;;;;;;;;;;;;;14;14;;;;;;;;;;;;;;;;;;;;;;;;;;;;;;;;;;;;;;;;;;;;;;;;;;;
Gestión de RRHH B;;;;;;;;;;;;;;;;;;S2;S2;;;;;;;;;;;;;;;;;;;;;;;;;;;;;;;;;;;;;;;;;;;;;;;
Gestión de RRHH C;;;;;;;;;;;;;;;;;;;;;;;;;24;24;;;;;;;;;;;;;;;;;;;;;;;;;;;;;;;;;;;;;;;;
Gestión de RRHH D;;;;;;;;;;;;;;;;;;;;;;;;;;;;;;;;;;;;;;;;;;;;;24;24;;;;;;;;;;;;;;;;;;;;
Gestión de RRHH E;;;;;;;;;;;;;;;;;;;;;;;;;;;;;;;;;;;;;;;;;;;;;;;S2;S2;;;;;;;;;;;;;;;;;;
Ingeniería económica y evaluación Proyectos A;;;;;;T2;;;;;;;;;;;;;;11;11;;;;;;;;;;;;;;;;;;;;;11;11;;;;;;;;;;;;;;;;;;;;;;;
Ingeniería económica y evaluación Proyectos B;;;;;;;;22;22;;;12;;;;;;;;;;;;;;;;;;S2;S2;;;;;;;;;;;;;;;;;;;;;;;;;;;;;;;;;;;
Ingeniería económica y evaluación Proyectos C;;;;;;;;104;104;;;;;;;;;;;;;;;;;;;;;104;104;;;;;;;;;;;;;;;;;;;;;;;;;;;;;;;;;;;
Ingeniería económica y evaluación Proyectos D;;;;;;;;;;;;;;;;;;;;105;105;;;;;;;;;;;;;;;;;;;;;105;105;;;;;;;;;;;;;;;;;;;;;;;
Gestión de la Innovación y Emprendimiento. A;;;;;;;;102;102;102;;;;;;;;;;;;;;;;;;;;;;;;;;;;;;;;;;;;;;;;;;;;;;;;;;;;;;;;
Gestión de la Innovación y Emprendimiento. B;;;;;;;;103;103;103;;;;;;;;;;;;;;;;;;;;;;;;;;;;;;;;;;;;;;;;;;;;;;;;;;;;;;;;
Gestión de la Innovación y Emprendimiento. C;;;;;;;;E1;E1;E1;;;;;;;;;;;;;;;;;;;;;;;;;;;;;;;;;;;;;;;;;;;;;;;;;;;;;;;;
Gestión de la Innovación y Emprendimiento. D;;;;;;;;E2;E2;E2;;;;;;;;;;;;;;;;;;;;;;;;;;;;;;;;;;;;;;;;;;;;;;;;;;;;;;;;
Inglés A1  Sección A;24;;;;;;;;;;;;;;;;;;;;;;25;;;;;;;;;;;;;;;;;;;;;;;;;;;;;;;;;;;;;;;;;;;
Inglés A1  Sección B;;;;25;;;;;;;;;;;;;;;;;;;;;;25;;;;;;;;;;;;;;;;;;;;;;;;;;;;;;;;;;;;;;;;
Inglés A1  Sección C;;;26;;;;;;;;;;;;;;;;;;;;;;26;;;;;;;;;;;;;;;;;;;;;;;;;;;;;;;;;;;;;;;;;
Inglés A1  Sección D;;;;;25;;;;;;;;;;;;;;;;;;;;;;25;;;;;;;;;;;;;;;;;;;;;;;;;;;;;;;;;;;;;;;
Inglés A1  Sección E;;;;;;;26;;;;;;;;;;;;;;;;;;;;;;26;;;;;;;;;;;;;;;;;;;;;;;;;;;;;;;;;;;;;
Inglés A1  Sección F;;;;;;;;26;;;;;;;;;;;;;;;;;;;;;;26;;;;;;;;;;;;;;;;;;;;;;;;;;;;;;;;;;;;
Inglés A1  Sección G;;;;;;;;;25;;;;;;;;;;;;;;;;;;;;;;26;;;;;;;;;;;;;;;;;;;;;;;;;;;;;;;;;;;
Inglés A1  Sección H;;;;;;;;;;;;;C1;;;;;;;;;;;;;;;;;;;;;;;;;;;;;;;;;C1;;;;;;;;;;;;;;;;;;;;
Inglés A1  Sección I;;;;;;;;;;;;;;26;;;;;;;;;;;;;;;;;;;;;;;;;;;;;;;;;S1;;;;;;;;;;;;;;;;;;;
Inglés A1  Sección J;;;;;;;;;;;;;;;26;;;;;;;;;;;;;;;;;;;;;;;;;;;;;;;;;26;;;;;;;;;;;;;;;;;;
Inglés A1  Sección K;;;;;;;;;;;;;;;;;;C1;;;;;;;;;;;;;;;;;;;;;;C1;;;;;;;;;;;;;;;;;;;;;;;;;;
Inglés A1 Sección L;;;;;;C1;;;;;;;;;;;;;;;;;;;;;;;;;;;;;;;;;C1;;;;;;;;;;;;;;;;;;;;;;;;;;;
Inglés A2-I Sección A;S1;;;;;;;;;;;;;;;;;;;;;;S1;;;;;;;;;;;;;;;;;;;;;;;;;;;;;;;;;;;;;;;;;;;
Inglés A2-I Sección B;;;;;;;;;;;;;;;;;;;;;;;;S1;;;;;;;;;;;;;;;;;;;;;26;;;;;;;;;;;;;;;;;;;;;
Inglés A2-I Sección C;;;;;;;;;;;;;;;;;;;;;;;;;S1;;;;;;;;;;;;;;;;;;;;;;26;;;;;;;;;;;;;;;;;;;
Inglés A2-I Sección D;;;;;;;;;;;;T1;;;;;;;;;;;;;;;;;;;;;;S1;;;;;;;;;;;;;;;;;;;;;;;;;;;;;;;;
Inglés A2-II Sección A;26;;;;;;;;;;;;;;;;;;;;;;26;;;;;;;;;;;;;;;;;;;;;;;;;;;;;;;;;;;;;;;;;;;
Inglés A2-II Sección B;;;;;;;;;;;;;;;;;;;;;;;;26;;;;;;;;;;;;;;;;;;;;;;;;;26;;;;;;;;;;;;;;;;;
Inglés A2-II Sección C;;;;26;;;;;;;;;;;;;;;;;;;;;;26;;;;;;;;;;;;;;;;;;;;;;;;;;;;;;;;;;;;;;;;
Inglés A2-II Sección D;;;;;;;C1;;;;;;;;;;;;;;;;;;;;;;24;;;;;;;;;;;;;;;;;;;;;;;;;;;;;;;;;;;;;
Inglés A2-II Sección E;;;;;;;;24;;;;;;;;;;;;;;;;;;;;;;24;;;;;;;;;;;;;;;;;;;;;;;;;;;;;;;;;;;;
Inglés A2-II Sección F;;;;;;;;;;;;25;;;;;;;;;;;;;;;;;;;;;;;;;;;;;;;;;25;;;;;;;;;;;;;;;;;;;;;
Inglés A2-II Sección G;;;;;;;;;;;;;26;;;;;;;;;;;;;;;;;;;;;;;;;;;;;;;;;26;;;;;;;;;;;;;;;;;;;;
Inglés A2-II Sección H;;;;;;;;;;;;;;;;;25;;;;;;;;;;;;;;;;;;;;;;;;;;;;;;;;;26;;;;;;;;;;;;;;;;
Inglés A2-II Sección I;;;;;;;;;;;;;;;;;;S1;;;;;;;;;;;;;;;;;;;;;;S1;;;;;;;;;;;;;;;;;;;;;;;;;;
Inglés A2-II Sección J;;;;;;;;;;;;;;;;;;;26;;;;;;;;;;;;;;;;;;;;;;26;;;;;;;;;;;;;;;;;;;;;;;;;
Inglés A2-II Sección K;;;;;;;;;;;;;;;;;;;;;;;;;;;;;;;24;;;;;;;;;;;24;;;;;;;;;;;;;;;;;;;;;;;;
Inglés B1-I Sección A;;;;;;;;;;;;;;;;;;;;;;;;;;C1;;;;;;;;;;;;;;24;;;;;;;;;;;;;;;;;;;;;;;;;;
Inglés B1-I Sección B;;24;24;;;;;;;;;;;;;;;;;;;;;;;;;;;;;;;;;;;;;;;;;;;;;;;;;;;;;;;;;;;;;;;
Inglés B1-I Sección C;;;;;;;;;;;;;;;;;;;;;;;;;;;26;26;;;;;;;;;;;;;;;;;;;;;;;;;;;;;;;;;;;;;;
Inglés B1-I Sección D;;;;;;;;;;;;;;;;;;;;;;;;;;;;;;25;25;;;;;;;;;;;;;;;;;;;;;;;;;;;;;;;;;;;
Inglés B1-I Sección E;;;;;;;;;;;;;;;;;;;;;;;;;;;;;;;;;;;;;;;;;S1;S1;;;;;;;;;;;;;;;;;;;;;;;;
Inglés B1-I Sección F;;;;;;;;;;;;;;;;;;;;;;;;;;;;;;;;;;;;;;;;;;;;;;;;;S1;S1;;;;;;;;;;;;;;;;
Inglés B1-II Sección A;;;;;;;S1;S1;;;;;;;;;;;;;;;;;;;;;;;;;;;;;;;;;;;;;;;;;;;;;;;;;;;;;;;;;;
Inglés B1-II Sección B;;;;;;;;;;;;24;24;;;;;;;;;;;;;;;;;;;;;;;;;;;;;;;;;;;;;;;;;;;;;;;;;;;;;
Inglés B1-II Sección C;;;;;;;;;;;;;;;;;;25;25;;;;;;;;;;;;;;;;;;;;;;;;;;;;;;;;;;;;;;;;;;;;;;;
Inglés B1-II Sección D;;;;;;;;;;;;;;;;;;;;;;;;;;;;;;;;;;;;;;;;25;25;;;;;;;;;;;;;;;;;;;;;;;;;
Inglés B1-II Sección E;;;;;;;;;;;;;;;;;;;;;;;;;;;;;;;;;;;;;;;;;;;;;S1;S1;;;;;;;;;;;;;;;;;;;;
Inglés B1-III Sección A;;;;;26;26;;;;;;;;;;;;;;;;;;;;;;;;;;;;;;;;;;;;;;;;;;;;;;;;;;;;;;;;;;;;
Inglés B1-III Sección B;;;;;;;25;25;;;;;;;;;;;;;;;;;;;;;;;;;;;;;;;;;;;;;;;;;;;;;;;;;;;;;;;;;;
Inglés B1-III Sección C;;;;;;;;;;;;;25;25;;;;;;;;;;;;;;;;;;;;;;;;;;;;;;;;;;;;;;;;;;;;;;;;;;;;
Inglés B1-III Sección D;;;;;;;;;;;;;;;;;;;S1;S1;;;;;;;;;;;;;;;;;;;;;;;;;;;;;;;;;;;;;;;;;;;;;;
Inglés B1-III Sección E;;;;;;;;;;;;;;;;;;;;;;;;;;;;;;;;;;;;;;;;;;;;;;25;25;;;;;;;;;;;;;;;;;;;
Inglés B1-III Sección F;;;;;;;;;;;;;;;;;;;;;;;;;;;;;;;;;;;;;;;;;;;;;;;;;23;23;;;;;;;;;;;;;;;;
Inglés B2-I Sección A;;;;;;;;;;;;;;;;;;;;;;;;;;;;;;;;;;;;;;;;;;;;;;;;;;;;;;;;;;;;;;;;;;
Inglés B2-I Sección B;;;;;;;;;;;;;;;;;;;;;;;;C1;C1;;;;;;;;;;;;;;;;;;;;;;;;;;;;;;;;;;;;;;;;;
Inglés B2-II Sección A;;;;;;;;;;;;;;;;;;;;;;;;;;;;25;25;;;;;;;;;;;;;;;;;;;;;;;;;;;;;;;;;;;;;
Inglés B2-III Sección A;;;;;;;;;;;;;;;;;;;;;;;;;;;;;;;;;;;;;;;26;26;;;;;;;;;;;;;;;;;;;;;;;;;;
Inglés B2-III Sección B;;;;;;;;;;;;;;;;;;;;;;;;;;;24;;;;;;;;;;;24;;;;;;;;;;;;;;;;;;;;;;;;;;;;
Inglés C1-I Sección A;T2;T2;;;;;;;;;;;;;;;;;;;;;;;;;;;;;;;;;;;;;;;;;;;;;;;;;;;;;;;;;;;;;;;;
Inglés C1-II Sección A;;;;;;;;;;C1;;;;;;;;;;;26;;;;;;;;;;;;;;;;;;;;;;;;;;;;;;;;;;;;;;;;;;;;;
Alemán A1 Sección A;;;;;;;;;;;;;;S1;S1;;;;;;;;;;;;;;;;;;;;;;;;;;;;;;;;;;;;;;;;;;;;;;;;;;;
Alemán A2-I Sección A;;;;;;;;;;;;;;;;;;;;;;;;;;;;;;;;;;;;25;25;25;;;;;;;;;;;;;;;;;;;;;;;;;;;;
Alemán B1-II Sección A;;;;;;;;;;;;;104;104;;;;;;;;;;;;;;;;;;;;;;;;;24;;;;;;;;;;;;;;;;;;;;;;;;;;;
Francés A1 Sección A;;;;;;;;;;;;;;;;;;;;;;;;;;;;;;;C1;C1;;;;;;;;;;26;26;;;;;;;;;;;;;;;;;;;;;;;
Francés A2-I Sección A;;;;;;;;;;;;;T1;T1;;;;;;;;;;;;;;;;;;;;;;;26;26;;;;;;;;;;;;;;;;;;;;;;;;;;;;
Francés A2-II Sección A;;;;;;;;;;;;;;;x;x;;;;;;;;;;;;;;;;;;;;;;;104;104;;;;;;104;104;;;;;;;;;;;;;;;;;;;
Química SecciónA;;;E1;E1;E1;;;;;;;;;;;;;S5;S5;;;;;;;;;;;;;;;;;;;;;;;;;;;;;;;;;;;;;;;;;;;;;;;
Química SecciónB;;;;;;;;;C3;C3;;;;S2;S2;;;;;;;;;;;;;;12;;;;;;;;;;;;;;;;;;;;;;;;;;;;;;;;;;;;;
La Ingeniería Industrial sección A;;;;;;;;;;;;;;;;;;;;;;;;;;;;;;;;;;S3;S3;S3;E1;;S3;T;T;;;;;;;;;;;;;;;;;;;;;;;;;
La Ingeniería Industrial sección B;;;;;;;;;;;;;;;;;;;;;;;;;;;;;;;;;;S4;S4;S4;E2;;S4;T;103;103;;;;;;;;;;;;;;;;;;;;;;;;
Sol. Algorítmica de problemas SecciónA;;;;;;;;;;;;;;;;;;;;E2;;;;;;;;;;;;;;;;;;;105;105;;;;;;;;;;L;L;L;L;;;;;;;;;;;;;
Sol. Algorítmica de problemas SecciónB;;;;;;;;;;;;;;;;;;;;25;;;;;;;;;;;;;;;;;;;;;104;104;;;;;;;;L;L;L;L;;;;;;;;;;;;;
Programación para Ingeniería A;;;;;;S2;S2;;;;;;;;;;;;;;;;;;;;;;;E2;E2;;;;;;;;L;L;L;;;;;;;;;;;;;;;;;;;;;;;;;
Fundamentos. de Fluido y Termodinámica A;;;;;;;;;;;;;;;25;;;;;;;;;;;;;;;;;;;;;;;;;;21;21;21;;;;;;;;;;;;;;;;;;;;;;;
Taller de Análisis Numérico;104;104;104;;;;;;;;;L;;;;;;;;;;;;;;;;;;;;;;;;;;;;;;;;;;;;;;;;;;;;;;;;;;;;;;
Taller de Análisis Numérico;;;;;;105;105;105;;;;;L;;;;;;;;;;;;;;;;;;;;;;;;;;;;;;;;;;;;;;;;;;;;;;;;;;;;;
Modelos de Investigación de Operaciones;;;;;;;;;;;;;;;;;;;;;;;E1;E1;E1;L;L;;;;;;;;;;;E1;S1;;;;;;;;;;;;;;;;;;;;;;;;;;;
Estadística Industrial;;;;;;104;104;;;;;;;;;23;;;;;;;;;;;;;;;;;;104;104;;;;;;;;;;;;;;;;;;;;;;;;;;;;;;;
Estadística Industrial;;;;;;;;T1;T1;;;;;;;;;;;;;;;;;;;13;;;;;;;;;;;;T1;22;;;;;;;;;;;;;;;;;;;;;;;;;
Análisis Económico sección A;;;;;;;;;;;;;;;;;;;;;;;;;;;;;;;;;;;;;;;;;;;;;;C2;C2;C2;T;S3;;;;;;;;;;;;;;;;
Programación Matemática;;S3;S3;S3;S3;;;;;;;;;;;;;;;;;;;;;;;;;;;;;;;;;;;;;;;;;;;;;;;;;;;;;;;;;;;;;
Modelos Estocásticos y Simulación;;;;;;;;;;;;;13;;;;;;;;;;C3;C3;;;;14;;;;;;;;;;;;;;;;;;;;;;;;;;;;;;;;;;;;;;
Modelos Estocásticos y Simulación;;;;;;;;;;;;;;13;;;;;;;;;;;C3;C3;;;;;;   ;;;;;;;;;;;;;;;;;;;;;;;;;;;;;;;;;;
Fundamentos de Ing. De Procesos;;;;;;;;;;;;;;;;E2;;;;;;;;;;;;;E1;E1;E1;;;;;;;;;;;;;;;;;;;11;;;;;;;;;;;;;;;;
Marketing Táctico y Operativo sección A;;;;;;;;;;;;;;;;;;;;;;;;;;;;;;;;;;;;;;;;;;;;;105;105;;;22;;;;;;;;;;;;;;;;;
Marketing Táctico y Operativo sección B;;;;;;;;;;;;;;;;;;;;;;;;;;;;;;;;;;;;;;;;;;;;;;;105;105;;;;;;;;;;;;;;;;;;
Diseño de Sistemas de Operaciones;S2;S2;S2;;;;103;;;;;;;;;;;;;;;;S3;S3;;;;;;;;;;;;104;;;;;;;;;;;;;;;;;;;;;;;;;;;;;;
Tecnologías de Información sección A;;;;;;;;;;;;;;;;;;;;;;;;;;;;;;;;;;;;;;;;;;;;;;;;;;;;;S3;S3;;L;L;;;;;;;;;
Tecnologías de Información sección B;;;;;;;;;;;;;;;;;;;;;;;;;;;;;;;;;;;;;;;;;;;;;;;;;;;S3;S3;;;;;;L;L;;;;;;;
Procesos y Equipos Industriales I;;;;;;;;;;;;;;;;;;;;;;;;;;;;;14;14;14;L;;;;;;;;;;;;;;;;;;;;;;;;;;;;;;;;;;
Ingeniería Financiera;;;;;;;;;;;;;;;;;;;;;;;;;;;;;;;;;;;;;;;;;;;;;;;;;;;S4;S4;S4;;;;;;;;;;;;;
Planificación y Gestión de  las operaciones;;;;;;;;;;;;;;;;103;AF;AF;AF;;;;;;;;;;;;;;;;;;;;;;;;;;;;;;;;;;;;;;;;;;;;;;;
Gestión de Proyectos sección A;;;;103;;;C2;C2;;;;;;;;;;;;;;;;;;;;;;;;;;;;;;;;;;;;;;;;;;;;;;;;;;;;;;;;;;
Procesos y Equipos Industriales II;;;;;;;;;;;;;;;;;;;;;;;;;;;23;;C2;C2;C2;;;;;;;;C3;L;;;;;;;;;;;;;;;;;;;;;;;;;;
Proyecto de Licenciatura sección (3 Secciones=;;;;;;;;;;;;;;;;;;;;;;;104;104;104;;;;;;;;;;;;;;;;;;;;;;;;;;;;;;;;;;;;;;;;;
Diseño de Sistemas de Costeo;;;;;;;;;;;;;;;;;;;C2;C2;C2;;;;;;;;;;;;;;;;;;;;;;;;;;;;;;;;;;;;;;;;;;;;;
Proyecto de Diseño de Sistemas de Operaciones sección A;;;;;;;;;;;;;;;;;;;;;;;Ak;Ak;;;;;;;;;;;;;;;;;;;;;;;;;;;;;;;;;;;;;;;;;;
Proyecto de Diseño de Sistemas de Operaciones sección B;;;;;;;;;;;;;;;;;;;;;;;;;C5;C5;;;;;;;;;;;;;;;;;;;;;;;;;;;;;;;;;;;;;;;;
Gestión de la Cadena de abastecimiento;;;;;;;;;;;;;;;;25;C2;C2;;;;;;;;;C1;;;;;;;;;;;;;;;;;;;;;;;;;;;;;;;;;;;;;;;
Gestión Ambiental y Energética;;;;;;;;;;;;;;103;103;;;;;;;;;;;;;;;;;;;;;;;;;;;;;;;;;;;;;;;;;;;;;;;;;;;
Proyecto de Diseño de Sistemas de Planificación de Operaciones;;;;;;;;;;;;;;;;;;;;;;;;;;;;;;;;T;;;;;;;;;;;;;;;;;;;;;;;;;;;;;;;;;;
Proyecto de Diseño de Sistemas de Planificación de Operaciones;;;;;;;;;;;;;;;;;;;;24;24;24;;;;;;;;;;;;;;;;;;;;;T;;;;;;;;;;;;;;;;;;;;;;;
Estrategia y control de gestión;;;;;;;;;;;;;;;;;;;;;;;;;;;;;;;;;;;;;;;;;;;;;;;;;;;;;;;;S4;S4;S4;;;;;;;;
Mejoramiento Continuo;;;;;;;;;;;;;;;;;;;;;;;;;;;;;;;;;;;;;;;;;;;;;;;;;;;;;;;;;;;S4;S4;S4;;;;;
Proyecto Aplicación Tecnológica SecciónA;;;;;;;;;;;;X;X;;;;;;;;;;;;;;;;;;;;;;;;;;;;;;;;;;;;;;;;;;;;;;;;;;;;;
Proyecto Aplicación Tecnológica SecciónB;;;;;;;;;;;;;;;;;24;24;;;;;;;;;;;;;;;;;;;;;;;;;;;;;;;;;;;;;;;;;;;;;;;;
Proyecto Aplicación Tecnológica SecciónC;;;;;;;;;;;;;;;;;;;C1;C1;;;;;;;;;;;;;;;;;;;;;;;;;;;;;;;;;;;;;;;;;;;;;;
Proyecto de Título sección A;;;;;;;;;;;;;;;;;;;;;;;;;;;;;;;;;;S5;S5;;;;;;;;;;;;;;;;;;;;;;;;;;;;;;;
Proyecto de Título sección B;;;;;;;;;;;;;;;;;;;;;;;;;;;;;;;;;;;;S5;S5;;;;;;;;;;;;;;;;;;;;;;;;;;;;;
Electivo I : Sistemas Avanzados para la Gestión de operaciones;;;;;;;;;;;;;;;;;;;;;;;;;;;;;;;105;105;105;;;;;;;;;;;;;;;;;;;;;;;;;;;;;;;;;
Electivo II: Tópicos avanzados en logística en las organizaciones;;;;;;C5;C5;C5;;;;;;;;;;;;;;;;;;;102;102;104;;;;;;;;;;;;;;;;;;;;;;;;;;;;;;;;;;;;;
Electivo I : Ingeniería de Planta y Productos Tecnológicos;;;;;;;;;;;;;;;;;;;;;;;;;;;;S1;S1;23;;;;;;;;;;;;;;;;;;;;;;;;;;;;;;;;;;;;
Electivo II: Taller de Energías Renovables;;;;;;;;;;;;;;;;;;;;;;;;;;;;;;;;;;105;105;105;;;;;;;;;;;;;;;;;;;;;;;;;;;;;;
Electivo I: Modelos Aplicados a la Gestión Logística;;;;;22;22;22;;;;;;;;;;;;;;;;;;;;;;;;;;;;;;;;;;;;;;;;;;;;;;;;;;;;;;;;;;;
Electivo II: Procesos Estocásticos y Simulación;;;;;;;;;;;;;;;;;104;104;104;;;;;;;;;;;;;;;;;;;;;;;;;;;;;;;;;;;;;;;;;;;;;;;
Electivo III: Programación;;;;;;;;;;;;;;;;;;;;104;104;104;;;;;;;;;;;;;;;;;;;;;;;;;;;;;;;;;;;;;;;;;;;;
Electivo IV: Gestión de Operaciones en la Organización;;;;;;;;;;;;;;;;;;;;;;;;;;;;;;;;;;;;;;;;;;;;;;;;;;;;;105;105;105;;;;;;;;;;;
Electivo V: Minería de datos ;;;;;;;;;;;;;;;;;;;;;;;;;;;;;;;;;;;;;;;;;;;;;;;;;;;;;;;;;;;;;;;;;;
Tecnologías de Información Sección A;;;;;;;;;;;;;;;;;;;;;;;;;;;;;;;;;;;;;;;;;;;;;E1;E1;E1;E1;;;;;;;;;;;;;;;;;;
Tecnologías de Información SecciónB;;;;;;;;;;;;;;;;;;;;;;;;;;;;;;;;;;;;;;;;;;;;;;;;;;;;;;;;;;;;;;;;;;
INTRO. A LA Ingeniería DE MINAS (A);;;;;;;;;;;;;;;;;;105;105;;;;;;;;;;;;;;;;;;;;;;;;;;;;;;;;;;;;;;;;;;;;;;;
INTRO. A LA Ingeniería DE MINAS (B);;;;;;;;;;;;;;;;;;;;;;;;;;105;105;;;;;;;;;;;;;;;;;;;;;;;;;;;;;;;;;;;;;;;
SOLUCIONES ALGORITMICAS DE PROBLEMA (catedra A);;;;;;;;;;;;;;;;;;;;;;;;;;;;;;;;;;;;;;;;;;;;;;;24;24;;;;;;;;;;;;;;;;;;
SOLUCIONES ALGORITMICAS DE PROBLEMA (laboratorio A);;;;;;;;;;;;;;;;;;;;;;;;;;;;;;;;;;;;;;;T2;T2;;;;;;;;;;;;;;;;;;;;;;;;;;
SOLUCIONES ALGORITMICAS DE PROBLEMA (catedra B);;;;;;;;;;;;;;;;;;;;;;;;;;;;;;;;;;;;;;;;;;;;;;;;;;104;104;;;;;;;;;;;;;;;
SOLUCIONES ALGORITMICAS DE PROBLEMA (laboratorio B);;;;;;;;;;;;;;;;;;;;;;;;;;;;;;;;;;;;;;;;;;;;;;;;;;;;;;;;;;;;;;;;;;
Química I ;;;;;104;;;;;;;;;;;102;;;T2;T2;;;;;;;;;;;;;;;;;;;;;105;;;;;;;;;;;;;;;;;;;;;;;;;
Química I (LAB);;;X;X;;;;;;;;;;;;;;;;;;;;;;;;;;;;;;;;;;;;;;;;;;;;;;;;;;;;;;;;;;;;;;
Química II ;;;;;;;;;;;;;;;;;;;;;;;;;;;;;;C5;C5;;;;;;;;;;;C5;;;;;;;;;;;;;;;;;;;;;;;;
Química II (LAB);X;X;;;;;;;;;;;;;;;;;;;;;;;;;;;;;;;;;;;;;;;;;;;;;;;;;;;;;;;;;;;;;;;;
GEOLOGÍA GENERAL;;;;;;14;;;;;;;;;;14;;;;;;;;;;;;;;;;;;;;;;;;S3;S3;;;;;;;;;;;;;;;;;;;;;;;;;
MINERALOGÍA Y PETROGRAFIA;;;;X;X;;;;;;;;;;;;;;;;;;;;;;;;;;;;;;;;;;;;;;;;;;;;;;;;;;;;;;;;;;;;;
MINERALOGÍA Y PETROGRAFIA (LAB) (B);;;;;;;;;;;;;;X;X;;;;;;;;;;;;;;;;;;;;X;X;;;;;;;;;;;;;;;;;;;;;;;;;;;;;;
FENOMENO DE TRANSPORTE Y BALANCE;;;;;;;;;;;;;;;;;;;;;;;;;;;;;;;;;;;;;;;;;;;;;;;;;;;103;103;103;;;;;;;;;;;;;
Mecánica DE FLUIDOS AVANZADOS;;;;;;;;;;;;;;;;;103;103;103;;;;;;;;;;;;;;;;;;;S4;;;;;;;;;;;;;;;;;;;;;;;;;;;;
FUNDAMENTO DE LAMETALURGIA ;;;;;;;;;;;;;;;;;;;;;;;;103;103;103;;;;;;;;;;;;;;;;;;;;;;;;;;;;;;;;;;;;;;;;
FUNDAMENTO DE LA METALURGIA (LAB)(B);;;;;;;;;;;;;;;;;;;;;;;;;;;;X;X;;;;;;;;;;;;;;;;;;;;;;;;;;;;;;;;;;;;;
FUNDAMENTO DE LA METALURGIA (LAB) (A);;;;;;;;;;;;;;;;;;;;;;;;;;;;;;;;;;;;;;;X;X;;;;;;;;;;;;;;;;;;;;;;;;;;
RESISTENCIA DE MATERIALES;;;;;;;;;;;;;;;;;;;;;;;;;;;;;;;;;;;;;;;;;12;12;;;;;;;;;;;;;;;;;;;;;;;;
evaluación DE YACIMIENTOS;;X;X;;;;;;;;;;;;;;;;;;;;;;;;;;;;;;;;;;;;;;;;;;;;;;;;;;;;;;;;;;;;;;;
evaluación DE YACIMIENTOS (LAB);;;;;;;;;;;;;;;;;X;;;;;;;;;;;;;;;;;;;;;;;;;;;;;;;;;;;;;;;;;;;;;;;;;
ECONOMÍA MINERA;;;;;;;;;23;23;;;;;;;;;;;;;;;;;;;;;23;;;;;;;;;;;;;;;;;;;;;;;;;;;;;;;;;;;
PERFORACIÓN Y TRONADURA;;;;;;;;;;;;;C5;C5;C5;;;;;;;;;;;;;;;;;;;;;;;;;;;;;;;;;;;;;;;;;;;;;;;;;;;
GEOTECNIA MINERA;;;;;;;;;;;;;;;;;;;;;;;;;;;;;105;105;;;;;;;;;;;24;;;;;;;;;;;;;;;;;;;;;;;;;
GEOTECNIA MINERA (LAB);;;;;;;;;;;;;;;;;;;;;;;;;;;;;;;;;;;;;;;;;;X;;;;;;;;;;;;;;;;;;;;;;;;
SUSTENTABILIDAD Y CIERRE DE FAENA;;;;;;;;;;;;;;;;;;;;S2;S2;S2;;;;;;;;;;;;;;;;;;;;;;;;;;;;;;;;;;;;;;;;;;;;
GEOESTADISTICA;;;;;;;;;;;;;;;;;;;;;;;;S4;S4;S4;S4;;;;;;;;;;;;;;;;;;;;;;;;;;;;;;;;;;;;;;;
TERMODinámica / TERMOTECNIA ;;;;;;;;;;;;;;;;;;;;;;;;;;;;;;;;;;;;;;;;;;;;;103;103;103;;;;;;;;;;;;;;;;;;;
LEGISLACIÓN Y SEGURIDAD MINERA;;;;;;;;;;;;;;;;;;;;;;;;;;;;;;;;;;;;;;;;;;;;;;;;;;;14;14;14;;;;;;;;;;;;;
MINERIA A CIELO ABIERTO;;;;;;;;;;;;;;;;;;;;;;;;;;;;;;;;;;;;;;;;;;;;;;;;;;;;;;;;;;;;;;;;;;
MINERIA SUBTERRANEA;;;;;;;;;;;;;;;;;;;;;;;;;;;103;103;103;;;;;;;;;;;;;;;;;;;;;;;;;;;;;;;;;;;;;
SERVICIOS MINEROS;;;;;;;;;;;;;;;;;;;;;;;;;;;;;;T2;T2;;;;;;;;;;;;;;;;;;;;;;;;;;;;;;;;;;;
Planificación MINERA;;;;;;;;;;;;;;;;;;;;;;;;;;;;;;;;;;;;;;;;;;;;;;;;;;;;;;;;;;;;;;;;;;
Planificación MINERA (LAB);;;;;;;;;;;;;;;;;;;;;;;;;;;;;X;;;;;;;;;;;;;;;;;;;;;;;;;;;;;;;;;;;;;
OPTIMIZACIÓN MINERA;;;;;;;;;;;;;X;X;;;;;;;;;;;;;;;;;;;;;;;;;;;;;;;;;;;;;;;;;;;;;;;;;;;;
Simulación DE PROCESOS MINEROS;;;;;;;;;;;;;;;;;;;;;;;;;S3;S3;S3;;;;;;;;;;;;;;;;;;;;;;;;;;;;;;;;;;;;;;;
OBRAS MINERAS;;;;;;;;;;;;23;23;23;23;;;;;;;;;;;;;;;;;;;;;;;;;;;;;;;;;;;;;;;;;;;;;;;;;;;
HIDROMETALURGIA (MINOR);;;;;;;;;;;;;;;;;;;;;;;;;;;;;;;;;;;;;;;;;;;;;;;;25;25;25;;;;;;;;;;;;;;;;
MEMORIA;;;;;;;;;;;;;X;X;X;;;;;;;;;;;;;;;;;;;;;;;;;;;;;;;;;;;;;;;;;;;;;;;;;;;
MODELAMIENTO GEOTECNICO (MINOR);;;;;;;;;;;;;;;;;;;;;;;;;;;;C1;C1;C1;;;;;;;;;;;;;;;;;;;;;;;;;;;;;;;;;;;;
PROYECTO DE MEMORIA;;;;;;;;;;;;;;;;;;;;;;;;;;;;;;;;;;;C1;C1;;;;;;;;;;;;;;;;;;;;;;;;;;;;;;
Planificación AVANZADA (MINOR);;;;;;;;;;;;;;;;;;;;;;;;;;;;S3;S3;S3;;;;;;;;;;;;;;;;;;;;;;;;;;;;;;;;;;;;
PIROMETALURGIA;;;;;;;;;;;;;;;;;;;;;;;;;;;;;;;;;;;;;;;;;;;;;;;;;;;;;;;;;;;;;;;;;;
Introducción a la Programación - A;;;;;;;;;;;;;;22;22;;;;;;;;;C5;;;;;;;;;;22;24;24;;;L2;L2;L2;;;;;;;;;;;;;;;;;;;;;;;;;
Introducción a la Programación - B;;;;;;;;;;;;;;;;22;22;;;;;;;;;;;;;;;;;;22;;;;;;Lip;Lip;;;;;;;;22;;;;;;;;;;;;;;;;
Teoría de sistemas - A;;;;;;13;13;;;;;;;;;;;;;;;;;;;;;;;;;;;;;;;;;;;;;;;;L3;L3;;;;;;;;;;;;;;;;;;
Teoría de sistemas - B;;;;;;;;C1;C1;;;;;;;;;;;;;;;;;;;;;;;;;;;;;;;;;;;;;;L2;L2;;;;;;;;;;;;;;;;;;
Introducción a la ICC - A;;;;;;;;;;;;;;;;;;;;;;;;;E2;E2;;;;;;;;;;;;;UNI;UNI;;;;;;;;;;;;;;;;;;;;;;;;;;
Introducción a la ICC - B;;;;;;;;;;;;;;;;;;;;;;;;;E2;E2;;;;;;;;;;;;;;;UNI;UNI;;;;;;;;;;;;;;;;;;;;;;;;
Interfaz H-M ;;;;;;;;;;;;;E1;E1;;;;;;;;;;;;;;;;;;;;;;;;;;;;;;;;;;;;UNI;;;;;;;;;;;;;;;;
Pensamiento Computacional;;;;;;;;;;;;;;;;;;E2;E2;;;;;;;;;L2;L2;;;;;;;;;;;;;;;;;;;;;;;;;;;;;;;;;;;;;
Programación avanzada ;;;;;;;;;;;;;;;104;104;;;;;;;;;;;;;S2;L2;L2;;;;;;;;;;;;;;;;;;;;;;;;;;;;;;;;;;;
Lenguajes y paradigmas de Programación ;;;;;;;;;;;;;;;;;;;;;;;;;;;;;;;;;;13;13;;;;;;;;;;;;;;;;L201;L3;;;;;;;;;;;;;;
Proyecto de Programación - A;;;;;SP;SP;SP;;;;;;;;;;;;;;;;;;;;;;;;;;;;;;;;;;;;;;;;;;;;;;;;;;;;;;;;;;;
Proyecto de Programación - A;;;;;SP;SP;SP;;;;;;;;;;;;;;;;;;;;;;;;;;;;;;;;;;;;;;;;;;;;;;;;;;;;;;;;;;;
Modelos Discretos;;;S4;S4;;;;;;;;;;;;;;;;C5;;;;;;;;;;;;;;;;;;;;;;;;;;;S4;S4;;;;;;;;;;;;;;;;;;
Requisitos de Software;;;;;;;;;;;;;;;;;;;;;;;;;;S1;S1;;;;;;;;;;;;;;;;;;;;;;;;;;;;;;;;;;;;;;;
Metodologías y Planificación;;;;;;;;;;;;;;;;;;;;;;;;SP;SP;;;;;;;;;;;;;;;;;;;;;;;;24;;;;;;;;;;;;;;;;;
Diseño de Bases de Datos;;;;;;;;;;;;;;;;L203;;;;C3;;;;;;;;S4;S4;S1;;;;;;;;;;;;;;;;;;;;;;;;;;;;;;;;;;;;
Diseño de software;;;;;;;;;;;;;;;;;;;L2;;;;;;;104;104;;;;;;;;;;;;;;;;;;;;;;;;;;;;;;;;;;;;;;;
Construcción y Validación;;C1;C1;;;;;;;;;;;;L2;L2;;;;;;;;;;;;;;;;;;;;;;;;;;;;;;;;;;;;;;;;;;;;;;;;;;
Sistemas Operativos;;;;S1;S1;;;;;;;;;;;;;;;;;;;;;;;;;;;;;;;;;;;;;;;;104;L2;;;;;;;;;;;;;;;;;;;;
Gestión de Bases de Datos;;;;;;;;;;;;;;;;;;;;;;;;;L202;;;;;;;;;;;;;;;;;;;;;;;;S2;S2;;;;;;;;;;;;;;;;
Redes de Computadores;;;;;;T1;T1;;;;;;;;;;;;;;;;;;;;;;;;;;;;;;;;;;;;;;;;23;23;;;;;;;;;;;;;;;;;;
*** Electivo - MCC: Tecnologías Móviles;;;;;;;;;;;;;;;;;;;;;;;;;;;;;;;;;;;;;;;C5;C5;C5;;;;;;;;;;;;;;;;;;;;;;;;;
Taller de Desarrollo de Software;;;;;;;;;;;;;;;;SP;L201;;;;;;;;;;;;;;;;;SP;SP;;;;;;;;;;;;;;;;;;;;;;;;;;;;;;;
*** Electivo - MCC: Diseño y Análisis de Algoritmos;;;;;;;;;;;;;;;;;;;;;;;;;;;;;SP;SP;SP;;;;;;;;;;;;;;;;;;;;;;;;;;;;;;;;;;;
Gestión de Proyectos Tecnológicos;;;;;;;;;;;;;;;;;;;;;;;102;102;L2;;;;;;;;;;;;;;;;;;;;;;;;;;;;;;;;;;;;;;;;;
Seguridad Informática;;;;;24;24;;;;;;;;;;;;;;;;;;;;;;;;;;;;;;;;;;;;;;;;;L201;;;;;;;;;;;;;;;;;;;
*** Electivo - MCD: Análisis Exploratorio de Datos;;;;;;;;;;;;;;24;24;24;;;;;;;;;;;;;;;;;;;;;;;;;;;;;;;;;;;;;;;;;;;;;;;;;;
Formulación de Proyecto de Titulación (c.comp) - A;;;;;;;;;;;;;;;;;;23;23;;;;;;;;;;;;;;;;;;;;;;;;;;;;;;;;;;;;;;;;;;;;;;;
Formulación de Proyecto de Titulación (c.comp) - A;;;;;;;;;;;;;;;;;;23;23;;;;;;;;;;;;;;;;;;;;;;;;;;;;;;;;;;;;;;;;;;;;;;;
Proyecto de Titulación (c.comp) - A;;;;;;;;;;;;X;X;;;;;;;;;;;;;;;;;;;;;;;;;;;;;;;;;;;;;;;;;;;;;;;;;;;;;
Proyecto de Titulación (c.comp) - A;;;;;;;;;;;;X;X;;;;;;;;;;;;;;;;;;;;;;;;;;;;;;;;;;;;;;;;;;;;;;;;;;;;;
*** Electivo - MCD: Extracción. Y Gestión. Datos masivos;25;25;25;;;;;;;;;;;;;;;;;;;;;;;;;;;;;;;;;;;;;;;;;;;;;;;;;;;;;;;;;;;;;;;
Procesos de Fabricación con Arranque de Viruta A;;;;;;L;L;;;;;;L;L;;;;;;;;;;;;;;21;21;21;;;;;;;;;;;;;;;;;;;;;;;;;;;;;;;;;;;;
Procesos de Fabricación con Arranque de Viruta B;;;;;;;;;;;;;;;;;L;L;;;;;;;;;;21;21;21;;;;;;;;;L;L;;;;;;;;;;;;;;;;;;;;;;;;;;
Química;;;;;;;;;;;;;;;;;;;;;;;105;105;105;;;;;;;;;;L;L;;;;;;;;;;;;;;;;;;;;;;;;;;;;;;
Introducción a la Ingeniería Mecánica;;;;;;;;;;;;;;;;;;;13;13;;;;;;;;;;;;;;;;;;;;;;;;;;;;;;;;;;;;;;;;;;;;;;
Materiales para Ingeniería;;;;;E2;E2;;;;;;;;;;;;;;;;;;;;;;;;;;;;L;L;;;;;;;;;;;;;;;;;;;;;;;;;;;;;;;
Programación y Computación;;;;;;;;;;;;;;;;;;;;;;;;;;;;;;;L;L;;;;;;;;;;;;;;23;;;;;;;;;;;;;;;;;;;;
Mecánica General;;;;;;;;;;;;;;;;S5;S5;;;;;;;;;;;;;;;;;;;;;;;;;;;;;102;102;102;;;;;;;;;;;;;;;;;;
Mecánica de Fluidos;;;105;105;;;;;;;;;;;;;;;;;;;;;102;102;;;;;;;;;;;;;;;L;L;;;;;;;;;;;;;;;;;;;;;;;;
Electrotecnia y Electrónica;;;;;;;;;;;;;;;;;;;;S4;S4;;;;;;;;;;S3;S3;;;;;;;;;;;;;;;;;;;;;;;;;;;;;;;;;;
Proyecto Interdisciplinario;;;;;;;;;;;;;;;;;;;;;;;;;;;;;;;;;;;;;;;;;;;;;;;T2;T2;;;;;;;;;;;;;;;;;;
Termodinámica;S4;S4;S1;;;;;;;;;;;;;;;;;;;;;;;;;;;;;;;;;;;;;;;;;;;;;;;;;;;;;;;;;;;;;;;
Resistencia de Materiales;;;;;;;;;;;;;;;;;;;T1;;;;T2;;;;T2;T2;;;;;;;;;;;;;;;;;;;;;;;;;;;;;;;;;;;;;;
Mecánica Computacional;;;;;;;;;;;;;;;;;;;;;;;;;;;;;;;;;;T1;T1;;;;;L;L;;;;;;;;;;;;;;;;;;;;;;;;;
Transferencia de Calor;;;;;;;;;;;;S1;S1;;;;;;;;;;;;;;;;L;L;;;;;;;;;;;;;;;;;;;;;;;;;;;;;;;;;;;;
Dinámica de Máquinas;;;;;;;;;;;;;;;;;;;;;;;24;24;;;;;;;;;;;;;;;;;;;;;;;;;;;;;;;;;;;;;;;;;;
Desarrollo de Productos;;;;;;11;11;;;;;;;;;;;;;;;;;;;;;;;;;;;;;;;;;;;;;;;;;;;;;;;;;;;;;;;;;;;
Gestión del Mantenimiento Industrial;;;;;;;;;26;26;;;;;;;;;;26;;;;;;;;;;;;;;;;;;;;;;;;;;;;;;;;;;;;;;;;;;;;;;
Máquinas Térmicas;;;;;;;;;;;;;;;;;;;;;;;;;;T1;L;L;;;;;;;;;;C4;;;;;;;;;;;;;;;;;;;;;;;;;;;;
Máquinas Hidráulicas;;;;S5;S5;L;;;;;;;;;;;;;;;;;;;;;;;;;;;;;;;;;;;11;;;;;;;;;;;;;;;;;;;;;;;;;
Elementos de Máquinas;;;;;;;;;;;;;;;T1;T1;;;;;;;;;;;;;;;;;;;;;;;;;;;;;;;;;;;;;;;;;;;;;;;;;;
Modelamiento para Mantenimiento;;;;;;;;;;;;;;;;;E2;22;22;;;;;;;;;;;;;;;;;;;;;;;;;;;;;;;;;;;;;;;;;;;;;;;
Diseño de Equipos de Procesos;;;;;;;;;;;;;L;L;;;;;;;;;;;;;;;;;;;;;;;;;;;;;;;;;;;;;;;;;;;;;;;;;;;;
Diseño de Máquinas;;;;;;;;;;;;;;;;;;;;;;;;;;;T1;T1;T1;;;;;;;;;;;;;;;;;;;;;;;;;;;;;;;;;;;;;
Proyecto Disciplinario;;;;;;;;;;;;;;;;;;;;;;;;;;;;;;;;;;;;;;;22;22;;;;;;;;;;;;;;;;;;;;;;;;;;
Sistemas Hidráulicos y Neumáticos;;;;;;;;;;;;;;;;;;;;;;;;;;;;;;;;;;C3;C3;;;;;;;;;;;;;;;;;;;;;;;;;;;;;;;
Memoria de Título I;;;;;;;;;;;;;;;;;26;26;;;;;;;;;;;;;;;;;;;;;;;;;;;;;;;;;;;;;;;;;;;;;;;;
Automatización Industrial;;;;;;;;;;;;;;;;;;;;;;;;;;;;;;;;;;;;;;;;;T1;T1;;;;;;;;;;;;;;;;;;;;;;;;
Gestión de Operaciones;;;;;;;;;;;;;;;;;;;;S5;S5;;;;;;;;;;;;;;;;T2;;;;;;;;;;;;;;;;;;;;;;;;;;;;;
Memoria de Título II;;;;;;;;;;;;;;;;;;;;;;;;;;;;;;;;;;;;;;;;;;;;;;C5;C5;;;;;;;;;;;;;;;;;;;
Gestión Energética ;;;;;;;;;;;;;;;S4;S4;;;;;;;;;;;;;;;;;;;;;;;;;;;;;;;;;;;;;;;;;;;;;;;;;;
Ingeniería Ambiental;;;;;;;;;;;;;;;;;;;;;;;;;;;;;;;;;;;E2;E2;;;;;;;;;;;;;;;;;;;;;;;;;;;;;;
Métodos de Elementos Finitos para Mecánica Aplicada;;;;;;;;;;;;;;;;;;;;;;;;;;;;;;;;;;;;;;;;;;;;;T2;T2;;;;;;;;;;;;;;;;;;;;
Diseño y Validación de Componentes mecánicos;;;;;;;;;;;;;;;;;;;;;;;;22;22;;;;;;;;;;;;;;;;;;;;;;;;;;;;;;;;;;;;;;;;;
Montaje y Elementos de Transporte;;;;;;;;;;;;;;;;;;;;;;;;;;;;;;;;;;;;;;;SRM;SRM;;;;;;;;;;;;;;;;;;;;;;;;;;
Análisis de Riesgo y Confiabilidad;;;;;;;;;;;;;;;;;;;;;;;;X;X;;;;;;;;;;;;;;;;;;;;;;;;;;;;;;;;;;;;;;;;;
Mantenimiento Basado en Condición ;;;;;;;;;;;;;;;;;;;;;;;;;;;;;;;;;;;X;X;;;;;;;;;;;;;;;;;;;;;;;;;;;;;;
Introducción a la Computación Sección A;;;;;;;;;;;;;C4;C4;;;;;;;;;;;;;;;;;;;;;C4;C4;;;;;;;;;;;;;;;;;;;;;;;;;;;;;;
Introducción a la Computación Sección B;;;;;;;;;;;;;;;;;;;;;;;;;;;;;;;;;;;;;;;;;;;;;;;;;;C4;C4;C4;C4;;;;;;;;;;;;;
Introducción Ingeniería Civil en Obras Civiles;;;;;;;;;;;;;;;;;;;E1;E1;;;;;;;;;;;;;;;;;;;;;E2;E2;;;;;;;;;;;;;;;;;;;;;;;;
Dibujo para Construcción asistida por Computador;;;;;;;;;C5;C5;;;;;;;;;;;;;;;;;;;;;;;;;;;;;;;C2;C2;;;;;;;C2;C2;;;;;;;;;;;;;;;;
Química;;;;;;;;;;;;;;;;;;;;;;;;lab;lab;;SP;SP;13;;;;;;;;;;;;;;;;;;;;;;;;;;;;;;;;;;;;;
Topografía;;;;;;;;;;;;;;;;;;;;;;;;;;;;;;;;;;;;;;;C4;C4;;;;;;;;;102;102;;;;;;;;;;;;;;;;
Edificación I Sección A;;;;;;;;;;;;;;;C4;C4;;;;;;;;;;;;;;;;;;;;;;;;;;;;;;;C3;C3;;;;;;;;;;;;;;;;;;
Edificación I Sección B;;;;;;;;;;;;;;;;;;;;;;;;;;;;;;;;;;;;;;;;;C4;C4;C4;;;;;;;;C3;C3;C3;;;;;;;;;;;;;
Cubicación e Interpretación de Planos Sección B;;;;;;;;;;;;;;;;;;;;;;;;C4;C4;;;;;;;;;;;;;;;;;;;;;;;;;;;;;;;;;;;;;;;;;
Cubicación e Interpretación de Planos Sección A;;;;;;;;;;;;;;;;;;;C4;C4;;;;;;;;;;;;;;;;;;;;;;;;;;;;;;;;;;;;;;;;;;;;;;
Mecánica General;C3;C3;;;;;;;;;;;;;T2;T2;;;;;;;;;;;;;;103;103;;;;;;;;;;;;;;;;22;22;;;;;;;;;;;;;;;;;;
Mecánica de Fluidos sección A;;;C2;C2;;;;;;;;;;;;C2;;;;;;;;;;;;;C3;C3;;;;;S1;;;;;;;;;;;;;;;;;;;;;;;;;;;;;;;
Mecánica de Fluidos sección B;;;;;;;;;;;;;;;;;;;;;;;;;;;;;;;;;;;;;;;;;;;;;;;;;;;;;;;;;;;;;;;;;;
Resistencia de Materiales;C4;C4;;;;;;;;;;;;;;;;;;;;;C2;C2;;;;;;;;;;;;;;;;;;;;;;;;;;;;;;;;;;;;;;;;;;
Estática Aplicada;;;;;;;;;;;;;;C2;C2;;;;;;;;;;;;;;;;;;;;;;;;C2;C2;;;;;;;;;;;;;;;;;;;;;;;;;;
Hormigón;;;;;;;;;;;;;;;;;;;;;;;;;;;;;;;;;;;;;;;;;;;;;;;;;;;;;;;;;;;;;;;;;;
Ingeniería Sanitaria;;;;;;;;;C4;C4;;;;;;;;;;;;;;;;;;;;;C4;C4;;;;;;;;;;;;;;;;;;;;;;;;;;;;;;;;;;
Obras Civiles I;;;;;;;;;;;;C3;C3;;;;;;;;;;;;;;;;;;;;;;;C3;C3;;;;;;;;;;;;;;;;;;;;;;;;;;;;;
Instalaciones Eléctricas, gas ;;;;;;;;;;;;;;;;;;;;;;;;;;;;;;;S1;S1;;;;;;;;;;;;;;;;;;;;;;;;;;;;;;;;;;
Planificación y Control de Proyectos;;103;103;;C2;C2;;;;;;;;;;;;;;;;;;;;;;;;;;;;;;;;;;;;;;;;;;;;;;;;;;;;;;;;;;;;
Ingeniería de Transporte;;;T2;T2;;;;;;;;;;;;;;;;;;;;;C2;C2;;;;;;;;;;;;;;;;;;;;;;;;;;;;;;;;;;;;;;;;
Mecánica de Suelos II ;;;;;;;;;;;;;;;;;;C3;C3;;;;;;;;;;;;;;;;;;;;S5;S5;;;;;;;;;;;;;;;;;;;;;;;;;;
Dinámica de Estructuras;;;;;;;X;X;;;;;;;;;;;;;;;;;;;;;;;;;;;;;;;;;;;;;;;;;;;;;;;;;;;;;;;;;;
Hormigón Armado I /H Armado IC;C2;C2;;;;;;;;;;;;;;;;;;;;;S5;S5;;;;;;;;;;;;;;;;;;;;;;;;;;;;;;;;;;;;;;;;;;
Maquinaria y Equipos;;;;;;;;;;;;;;;;;;;;;;;;;;;;;;;;;;;;;;;;;;;;;;;;;;;;;;;;;;;;;;;;;;
Análisis de Costos;;;;;;;;;;;;;;SP;SP;;;;;;;;;;;;;;;;;;;;;;;;;S4;S4;;;;;;;;;;;;;;;;;;;;;;;;;
Taller de Obras ;;;;;;;;;C2;C2;;;;;;;;;;;;;;;;;;;;;C3;C3;;;;;;;;;;;;;;;;;;;;;;;;;;;;;;;;;;
Ingeniería Ambiental aplicada a Construcción y (ICE ICOC);;;;;;;;;;;;;;;;;;;;LS;SL;;;;;;;S5;S5;;;;;;;;;;;;;;;;;;;;;;;;;;;;;;;;;;;;;
Preparación y Evaluación de Proyectos;;;;;;;;;;;;;;;;C5;C5;C5;C5;;;;;;;;;;;;;;;;;;;;;;;;;;;;;;;;;;;;;;;;;;;;;;;
Administración de Empresas;;;;;;;;;;;;;;;;;;;;;;;;;;;;;;;;;;;;;;;;;;;;;;; ;S3;S3;C5;C5;;;;;;;;;;;;;;;
Proyecto de Memoria Sección A;;;;;;;24;;;;;;;;;;;;;;;;;;;;;;;;;;;;;;;;;;;;;;;;;;;;;;;;;;;;;;;;;;;
Proyecto de Memoria Sección B;;;;;;;;;;;;;;;;;;;;;;;;;;SP;;;;;;;;;;;;;;;;;;;;;;;;;;;;;;;;;;;;;;;;
Obras Civiles ;;;;;;;;;;;;;;;;;;;;;;;;;;;;;;S4;S4;;;;;T1;T1;;;;;;;;;;;;;;;;;;;;;;;;;;;;;
Diseño Sismo Resistente;;;;;;;;;;;;C2;C2;;;;;;;;;;;;;;;;;;;;;C5;C5;;;;;;;;;;;;;;;;;;;;;;;;;;;;;;;
Diseño en Acero;;;;;;;;;;;;;;;;;;AK;AK;;;;;AF;AF;;;;;;;;;;;;;;;;;;;;;;;;;;;;;;;;;;;;;;;;;
Electivo BIM;;;;;;;;;;;;;;;;;;;;;;;;;;C4;C4;;;;;;;;;;;;102;102;;;;;;;;;C5;;;;;;;;;;;;;;;;;
Memoria;;;C5;C5;;;;;;;;;;;;;;;;;;;;;;;;;;;;;;;;;;;;;;;;;;;;;;;;;;;;;;;;;;;;;;
Química  (sección.A);;;;;;;;;;;;L;L;;;;;;;;;;;;;;;;;;;;;;;;;;;;102;102;102;;;;;;;;;;;;;;;;;;;;;;;
Química (sección. B);;;;;;;;;;;;;;L;L;;;;;;;;;;;;;;;;;;;;;;;;;;102;102;102;;;;;;;;;;;;;;;;;;;;;;;
Química (sección. C);;;;;;;;;;;;L;L;;;;;;;;;;;;;;;;;;;;;;;;;;;;102;102;102;;;;;;;;;;;;;;;;;;;;;;;
Introducción a la Ingeniería  Eléctrica (sección.A);;;;;;;;;;;;;;;;;;;102;102;;;;;;;;;;;;;;;L;L;;;;;;;;;;;;;;;;;;;;;;;;;;;;;;
Introducción a la Ingeniería  Eléctrica (sección.B);;;;;;;;;;;;;;;;;;;102;102;;;;;;;;;;;;;;;;;;;;;;;;;;;;;;L;L;;;;;;;;;;;;;;;
Solución Algorítmica de Problemas;;;;;;;;AK;AK;;;;;;;;L;L;;;;;;;;;;;;;;;;;;;;;;;;;;;;;;;;;;;;;;;;;;;;;;;;
Sistemas de Almacenamiento de Energía.;;;;;;L;L;;;;;T2;T2;;;S3;;;;;;;;;;;;;;;;;;;;;;;;;;;;;;;;;;;;;;;;;;;;;;;;;;
Programación (sección. A);;;;;;;;;;;;;;;;;;;;;;;;;;;;;;;;;;;;;;;;;;L;L;;;;;;;S5;S5;;;;;;;;;;;;;;;
Programación (sección. B);;;;;;;;;;;;;;;;;;;;;;;;;;;;;;;;;;;;;;;;;;;;;;;L;L;;S5;S5;;;;;;;;;;;;;;;
Fuentes Renovables de energía (sección. A);102;102;;;;;;;;;;;;;102;;;;;;;;;;;;;L;;;;;;;;;;;;;;;;;;;;;;;;;;;;;;;;;;;;;;
Fuentes Renovables de energía (sección. B);102;102;;;;;;;;;;;;;102;;;;;;;;;;;;;;L;;;;;;;;;;;;;;;;;;;;;;;;;;;;;;;;;;;;;
Fuentes Renovables de energía (sección. C);102;102;;;;;;;;;;;;;102;;;;;;;;;;;;;;;;;;;;;;;;L;;;;;;;;;;;;;;;;;;;;;;;;;;;
Fuentes Renovables de energía (sección. D);102;102;;;;;;;;;;;;;102;;;;;;;;;;;;;;;;;;;;;;;;;L;;;;;;;;;;;;;;;;;;;;;;;;;;
Mecánica General;;;;;;;;;;;;;;;;;;;;;;;;;;;;C5;C5;;;;;;;13;13;;;;;;;;;;S5;S5;;;;;;;;;;;;;;;;;;
Métodos Numéricos ;;;;;;;;;;;;;;;;;;;;;;;;;;;;;;;;;;C4;;;;;L;L;;;;;S4;S4;;;;;;;;;;;;;;;;;;;;
Dispositivos Semiconductores;;;;;;;;S2;S2;;;;;;;;;;;;;;;;;;;;;T1;T1;;;;;;;;;;;;;;;;;;;;;;;;;;;;;;;;;;;
Electrotecnia y ElectroMecánica;;;;;;;;;;;;;105;;;;C4;C4;;;;;;;;;;;;;;;;102;102;102;;;;;;;;;;;;;;;;;;;;;;;;;;;;;;
Campos Electromagnéticos;;;102;102;;;;;;;;;;;;;;;;;;;;;14;E1;;;;;;;;;;;;;;;;;;;;;;;;;;;;;;;;;;;;;;;;
Termodinámica;L;L;;;;;;;;;;;;E2;E2;;;;;;;;;;;;;;;;;;;;;;;;;;;;;;;;;;;;;;;;;;;;;;;;;;;
Sistemas de Generación;;;;;;;;;;;;;102;102;;;;;;;;;;;;;;105;;;;;;;;;;;;;;;;;;;;;;;;;;;;;;;;;;;;;;
Accionamientos Eléctricos;;;;;;;;;;;;;;;;;;;;;;;SP;;;;;;T2;;;;;;AK;AK;;;;;;;;;;;;;;;;;;;;;;;;;;;;;;
Sistemas Eléctricos de Potencia;;;;;;;;;;;;;;;;;;;;;;;;;;;;;;;;;;;;;;;;;;;;;SP;;C1;C1;C1;;;;;;;;;;;;;;;;;
Química A;;;;;;;;L;L;;;;;;;;;;;;;;;;;;;;;;;;;;103;103;;;;;;;;;;;;;;;;;;;;;;;;;;;;;;
Química B;;;;;;;;;;;;;;;;;;;;;;;;;;;;;;L;L;;;;103;103;;;;;;;;;;;;;;;;;;;;;;;;;;;;;;
Química C;;;;;;;;;;;;;;;;;;;;;;;;;;;;L;L;;;;;;103;103;;;;;;;;;;;;;;;;;;;;;;;;;;;;;;
Introducción a la Mecatrónica A;;;;;;;;;;;;E2;E2;L;L;;;;;;;;;;;;;;;;;;;;;;;;;;;;;;;;;;;;;;;;;;;;;;;;;;;
Introducción a la Mecatrónica B;;;;;;;;;;;;E2;E2;;;;;;L;L;;;;;;;;;;;;;;;;;;;;;;;;;;;;;;;;;;;;;;;;;;;;;;
Introducción a la Mecatrónica C;;;;;;;;;;;;E2;E2;;;L;L;;;;;;;;;;;;;;;;;;;;;;;;;;;;;;;;;;;;;;;;;;;;;;;;;
Solución Algorítmica de problemas A;;T1;T1;;;;;;;;;;;;;;;;;;;;;;;;L;L;;;;;;;;;;;;;;;;;;;;;;;;;;;;;;;;;;;;;;
Programación A;;;;;;;;;;;;;;;21;21;;;;;;;;;;;;;;;;;;;;;;;;;;;;;;;LA;LA;;;;;;;;;;;;;;;;;;
Programación A;;;;;;;;;;;;;;;21;21;;;;;;;;;;;;;;;;;;;;;;;;;;;;;;;;;LA;LA;;;;;;;;;;;;;;;;
Materiales de Ingeniería;;;;;;21;L;;;;;;;;;;;;;;;;;;;;;;;S5;S5;;;;;;;;;;;;;;;;;;;;;;;;;;;;;;;;;;;
Mecánica general;;;;;;;;;;;;;;;;;;;;;;;;;;;;;C4;C4;;;;;;;;;;;;;;;;T1;C4;C4;;;;;;;;;;;;;;;;;;
Electrotecnia y ElectroMecánica;;;;;;;;;;;;103;103;T2;;;;;;;;;103;L;;;;;;;;;;;;;;;;;;;;;;;;;;;;;;;;;;;;;;;;;;
Métodos Numéricos  MKT;105;105;;;;;;;;;;;;;C1;;;;;;;;;;;;;;;;;;;;L;L;;;;;;;;;;;;;;;;;;;;;;;;;;;;;;
Mecánica de Materiales ;;;;;C3;C3;;;;;;;;;;;;;;;;;;;S2;S2;;;;;;;;;;;;;;;;;;;;;;;;;;;;;;;;;;;;;;;;
Fundamentos. Mecánica de Fluidos;;;;;;;;;;;;;;;;;;;;;;;;;;;;;;L;;;;;;;;;;;23;;;;S3;;;;;;;;;;;;;;;;;;;;;
Fundamentos. Mecánica de Fluidos;;;;;;;;;;;;;;;;;;;;;;;;;;;;;;;L;;;;;;;;;;23;;;;S3;;;;;;;;;;;;;;;;;;;;;
Procesos de Fabricación;;;;;;;;;;;;;;;;S2;S2;;;;;;;;;;;S2;;;;;;;;;;;;;;;;;;;;;L;L;;;;;;;;;;;;;;;;
Fundamentos de Electrónica;;;;;;;;;;;;;;;;;;;21;21;;;;;;;;23;23;;;;;;;;;;;;C1;;;;;;;;;;;;;;;;;;;;;;;;;
Sistemas Dinámicos;;;;;;;102;;;;;;;;;;;;;;;;T1;T1;;;;;;;;;;;;;;;;;;C3;;;;;;;;;;;;;;;;;;;;;;;;
Selección componentes mecánicos;;;;;;;;;;;;;;;;;;;;;;;;;;;;;;;;;;;;;;;;;;;;;;;;;;;;T1;T1;T1;;;T1;T1;T1;;;;;;;
Termodinámica y transferencia de calor ;;;;;;;;;;;;;;;;;;;;;;;;;;;;;;;;;;;;;;;103;103;;;;;;;;;;103;L;;;;;;;;;;;;;;;
Termodinámica y transferencia de calor ;;;;;;;;;;;;;;;;;;;;;;;;;;;;;;;;;;;;;;;103;103;;;;;;;;;;103;;L;;;;;;;;;;;;;;
Sistemas Hidráulicos y Neumáticos;;;;;;;;;;;;;;;;;;;;;;;;;;;;;;;;;;;;;;;;;;;;;;S3;S3;L;;;;;;;;;;;;;;;;;;
Sistemas Hidráulicos y Neumáticos;;;;;;;;;;;;;;;;;;;;;;;;;;;;;;;;;;;;;;;;;;;;;;S3;S3;;L;;;;;;;;;;;;;;;;;
Sistemas Hidráulicos y Neumáticos;;;;;;;;;;;;;;;;;;;;;;;;;;;;;;;;;;;;;;;;;;;;;L;S3;S3;;;;;;;;;;;;;;;;;;;
Sistemas Digitales;;;Sp;Sp;A;E1;E1;;;;;;;;;;;;;;;;;;;;;;;;;;;;;;;;;;;;;;;;;;;;;;;;;;;;;;;;;;;
Sistemas de control;;;;;;;;SP;SP;A;;;;;;;;;;;;;;;;S5;S5;;;;;;;;;;;;;;;;;;;;;;;;;;;;;;;;;;;;;;;
Taller de Integración I;;;;;;;;;;;;;;;;;;;;;;;;T2;T2;;;;;;A;;;;;;;;;;;;;;;;;;;;;;;;;;;;;;;;;;;
Mecanismos;;;;;;;;;;;;;;;105;105;;;;;;;;;;;;;;;;;;;T2;T2;;;;;;;;;;;;;;;;;;;;;;;;;;;;;;
Lógica programable ;;;;;;;;;;;;;;;;;;;;;;;C;C;L;L;;;;;;;;;;;;;;;;;;;;;;;;;;;;;;;;;;;;;;;;
Instrumentación de sistemas mecatrónicos;;;;;;;;;;;;;L;L;;;;;;;;;;;;;;;;;;;;C2;C2;;;;;;;;;;;;;;;;;;;;;;;;;;;;;;;
Electivo I: Electrónica de potencia;;;;;;;;;;;;;;;;;;;;;;;;;;;;;102;102;102;;;;;;;;;;;;;;;;;;;;;;;;;;;;;;;;;;;
Electivo I: Procesamiento digital de señales;;;;;;;;;;;;;;;;;;;;;;;;;;;;;;;L;;;;;;;;;;;;;;;;;;;;;;;;;;;;;;;;;;;
Robótica;;;;;;;;;;;;L;;;;;;;;;;;;;;;;;;;;;;;;;;;23;23;;;;;;;;;;;;;;;;;;;;;;;;;;
Sistemas de Comunicación;;;;104;;;;;;;;;;;;;T2;T2;;;;;;;;;;;;;;;;;;;;;;;;;;;;;;;;;;;;;;;;;;;;;;;;
Gestión del mantenimiento Industrial.;;;;;;;;;;;;;;;;;;;;S3;S3;;;;;;;;;;;;;;;;;;;;;;;;;;;;;;;;;;;;;;;;;;;;;
Manufactura e Ingeniería asistida;;;;;;;;;;;;;;;;;;;;;;;;;;;;;;;;;;;;;;;;;;;;;;;;;;;;;;;;;;;;;;;;;;
Taller de Integración II;;;;;;;;;;;;;;;;;;;;;;;;;;;;;;;A;;;;;;;;E2;E2;;;;;;;;;;;;;;;;;;;;;;;;;;
Electivo II (Control Avanzado);;;;;;;;;;;;;;C3;C3;;;;;;;;;;;;S2;104;;;;;;;;;;;;;;;;;;;;;;;;;;;;;;;;;;;;;;
Taller de conversión Eléctrica;C5;C5;;;;;;;;;;;;;;;;;;;;;;;;;;;;;;;;C1;L;;;;;;;;;;;;;;;;;;;;;;;;;;;;;;;
Proyecto Memoria;;;;;;AK;AK;;;;;;;;;;;;;;;;;;;;;;;;;;;;;;;;;;;;;;;;;;;;;;;;;;;;;;;;;;;
Taller de Integración III;;;;;;;;;;;;;;;;;;;;;;;;;;;;;22;22;A;;;;;;;;;;;;;;;;;;;;;;;;;;;;;;;;;;;
Electivo III (Control de procesos Industriales);;;;T1;T1;;;;;;;;;;;C3;;;;;;;;;;;;;;;;;;;;;;;;;;;;;;;;;;;;;;;;;;;;;;;;;;
Electivo IV (Sistemas de energía alternativos);;;;;;;;;;;;;;;;C1;C1;L;;;;;;;;;;;;;;;;;;;;;;;;;;;;;;;;;;;;;;;;;;;;;;;;
Memoria de Titulación;;;;;;;;X;X;;;;;;;;;;;;;;;;;;;;;;;;;;;;;;;;;;;;;;;;;;;;;;;;;;;;;;;;;
